source_id,record_id,GroupID
MRDS,10000032,1020
MRDS,10000117,868
MRDS,10000367,1848
MRDS,10000467,1623
MRDS,10000469,327
MRDS,10000488,750
MRDS,10000500,1280
MRDS,10000502,1047
MRDS,10000685,1174
MRDS,10000733,865
MRDS,10000734,865
MRDS,10000839,249
MRDS,10000840,483
MRDS,10000841,483
MRDS,10000849,960
MRDS,10000880,1849
MRDS,10000885,473
MRDS,10000886,473
MRDS,10000889,473
MRDS,10000929,1200
MRDS,10000966,1108
MRDS,10000974,1598
MRDS,10000998,488
MRDS,10001095,1844
MRDS,10001098,698
MRDS,10001106,833
MRDS,10001107,1102
MRDS,10001129,698
MRDS,10001166,464
MRDS,10001249,573
MRDS,10001261,573
MRDS,10001262,573
MRDS,10001346,806
MRDS,10001354,923
MRDS,10001381,1435
MRDS,10001386,1709
MRDS,10001400,547
MRDS,10001637,1773
MRDS,10001641,506
MRDS,10001694,40
MRDS,10001707,58
MRDS,10002221,1172
MRDS,10002223,1323
MRDS,10002227,1323
MRDS,10002228,1323
MRDS,10002231,1072
MRDS,10002233,1072
MRDS,10002234,33
MRDS,10002236,1072
MRDS,10002238,1740
MRDS,10002245,921
MRDS,10002264,643
MRDS,10002271,1029
MRDS,10002287,1744
MRDS,10002299,230
MRDS,10002326,10
MRDS,10002327,10
MRDS,10002338,358
MRDS,10002339,358
MRDS,10002340,358
MRDS,10002377,1743
MRDS,10002386,338
MRDS,10002392,1706
MRDS,10002396,484
MRDS,10002448,1641
MRDS,10002603,807
MRDS,10002669,1337
MRDS,10002734,308
MRDS,10002780,1000
MRDS,10002888,382
MRDS,10002909,1541
MRDS,10003070,988
MRDS,10003143,1679
MRDS,10003146,1370
MRDS,10003383,1417
MRDS,10003445,1829
MRDS,10003627,353
MRDS,10003646,1192
MRDS,10003725,1031
MRDS,10004133,803
MRDS,10004407,1631
MRDS,10004749,380
MRDS,10004792,803
MRDS,10005315,204
MRDS,10005728,473
MRDS,10005840,1459
MRDS,10005842,1459
MRDS,10005843,1459
MRDS,10005975,216
MRDS,10006118,797
MRDS,10006139,428
MRDS,10006140,984
MRDS,10006143,1850
MRDS,10006248,174
MRDS,10008229,1488
MRDS,10008418,50
MRDS,10008488,748
MRDS,10008507,1851
MRDS,10009003,489
MRDS,10009016,63
MRDS,10009026,1219
MRDS,10009095,1630
MRDS,10009881,138
MRDS,10009898,486
MRDS,10009945,869
MRDS,10010078,858
MRDS,10010080,1289
MRDS,10010082,369
MRDS,10010413,1321
MRDS,10010543,1207
MRDS,10010599,1852
MRDS,10010845,867
MRDS,10010860,1396
MRDS,10010901,680
MRDS,10012715,1019
MRDS,10013296,163
MRDS,10013400,849
MRDS,10013716,363
MRDS,10013747,1286
MRDS,10013869,1752
MRDS,10014642,529
MRDS,10014643,709
MRDS,10016215,1210
MRDS,10019056,1373
MRDS,10019320,592
MRDS,10019389,535
MRDS,10021001,370
MRDS,10021394,668
MRDS,10021395,1096
MRDS,10021470,1032
MRDS,10021617,1533
MRDS,10021933,106
MRDS,10021937,1617
MRDS,10021966,1698
MRDS,10022033,855
MRDS,10022646,1047
MRDS,10022803,1853
MRDS,10023163,1854
MRDS,10023258,462
MRDS,10024387,1855
MRDS,10024459,12
MRDS,10024460,12
MRDS,10024461,1239
MRDS,10024462,1243
MRDS,10024463,1243
MRDS,10024464,8
MRDS,10024465,891
MRDS,10024466,1558
MRDS,10024467,157
MRDS,10024468,998
MRDS,10024469,157
MRDS,10024470,998
MRDS,10024471,6
MRDS,10024472,157
MRDS,10024473,553
MRDS,10024474,1322
MRDS,10024475,61
MRDS,10024476,354
MRDS,10024477,91
MRDS,10024478,80
MRDS,10024479,1232
MRDS,10024480,1140
MRDS,10024481,1264
MRDS,10024482,1232
MRDS,10024494,887
MRDS,10024495,1150
MRDS,10024496,1595
MRDS,10024498,1842
MRDS,10024501,120
MRDS,10024502,1378
MRDS,10024504,389
MRDS,10024505,1799
MRDS,10024508,731
MRDS,10024509,1366
MRDS,10024510,7
MRDS,10024511,1699
MRDS,10024513,725
MRDS,10024514,408
MRDS,10024515,463
MRDS,10024518,1724
MRDS,10024520,1727
MRDS,10024522,602
MRDS,10024523,137
MRDS,10024526,1532
MRDS,10024527,1795
MRDS,10024528,422
MRDS,10024529,638
MRDS,10024530,1196
MRDS,10024533,1801
MRDS,10024534,705
MRDS,10024535,1110
MRDS,10024536,1354
MRDS,10024538,118
MRDS,10024569,1856
MRDS,10024570,784
MRDS,10024571,1166
MRDS,10024572,12
MRDS,10024573,12
MRDS,10024574,1239
MRDS,10024575,1243
MRDS,10024576,8
MRDS,10024577,601
MRDS,10024578,1243
MRDS,10024579,998
MRDS,10024580,1322
MRDS,10024581,998
MRDS,10024582,6
MRDS,10024583,1558
MRDS,10024584,891
MRDS,10024585,157
MRDS,10024586,354
MRDS,10024587,80
MRDS,10024588,61
MRDS,10024589,157
MRDS,10024590,91
MRDS,10024591,998
MRDS,10024592,157
MRDS,10024593,553
MRDS,10024594,1232
MRDS,10024595,1140
MRDS,10024860,1183
MRDS,10024864,1083
MRDS,10024917,438
MRDS,10024923,556
MRDS,10024989,757
MRDS,10024993,1183
MRDS,10025781,1601
MRDS,10025903,1035
MRDS,10025906,1509
MRDS,10025907,32
MRDS,10026473,808
MRDS,10026478,808
MRDS,10026486,1217
MRDS,10027053,1857
MRDS,10027541,1782
MRDS,10032111,243
MRDS,10033073,1284
MRDS,10033088,1576
MRDS,10033096,642
MRDS,10033126,802
MRDS,10033145,590
MRDS,10033242,888
MRDS,10033279,1026
MRDS,10033280,920
MRDS,10033281,662
MRDS,10033282,22
MRDS,10033283,497
MRDS,10033284,446
MRDS,10033285,446
MRDS,10033286,1803
MRDS,10033287,497
MRDS,10033288,446
MRDS,10033289,497
MRDS,10033290,1372
MRDS,10033291,1828
MRDS,10033292,1042
MRDS,10033293,1625
MRDS,10033294,940
MRDS,10033295,685
MRDS,10033296,1803
MRDS,10033297,943
MRDS,10033298,76
MRDS,10033299,471
MRDS,10033300,534
MRDS,10033301,1579
MRDS,10033302,117
MRDS,10033303,816
MRDS,10033304,1175
MRDS,10033305,950
MRDS,10033306,772
MRDS,10033307,818
MRDS,10033308,333
MRDS,10033309,1314
MRDS,10033387,950
MRDS,10033431,861
MRDS,10033757,1428
MRDS,10033758,1858
MRDS,10033759,121
MRDS,10033760,1104
MRDS,10033761,1859
MRDS,10033762,1504
MRDS,10033763,881
MRDS,10033764,103
MRDS,10033765,1385
MRDS,10033766,1811
MRDS,10033767,715
MRDS,10033768,863
MRDS,10033769,844
MRDS,10033770,125
MRDS,10033771,125
MRDS,10033772,834
MRDS,10033773,1374
MRDS,10033774,1836
MRDS,10033775,844
MRDS,10033776,892
MRDS,10033777,85
MRDS,10033778,778
MRDS,10033779,1131
MRDS,10033780,1343
MRDS,10033781,1048
MRDS,10033782,1343
MRDS,10033783,1048
MRDS,10033784,1594
MRDS,10033785,442
MRDS,10033786,1274
MRDS,10033787,1095
MRDS,10033788,410
MRDS,10033789,1860
MRDS,10033790,1685
MRDS,10033791,127
MRDS,10033792,1129
MRDS,10033793,1265
MRDS,10033794,880
MRDS,10033795,1464
MRDS,10033935,1718
MRDS,10034098,266
MRDS,10034255,1531
MRDS,10034268,1184
MRDS,10034305,1274
MRDS,10036507,156
MRDS,10036655,325
MRDS,10036657,114
MRDS,10036660,977
MRDS,10036661,1213
MRDS,10036664,542
MRDS,10036803,339
MRDS,10036804,304
MRDS,10036817,1610
MRDS,10036825,239
MRDS,10036898,894
MRDS,10036903,1055
MRDS,10036919,735
MRDS,10036920,735
MRDS,10036921,248
MRDS,10036922,248
MRDS,10036923,248
MRDS,10036924,248
MRDS,10036925,248
MRDS,10036926,735
MRDS,10036927,735
MRDS,10036930,1705
MRDS,10036943,385
MRDS,10037016,379
MRDS,10037023,1476
MRDS,10037698,1861
MRDS,10037854,647
MRDS,10037860,1411
MRDS,10037911,1371
MRDS,10038010,1291
MRDS,10038044,1862
MRDS,10038078,275
MRDS,10038079,275
MRDS,10038083,547
MRDS,10038112,1573
MRDS,10038127,249
MRDS,10038190,1092
MRDS,10038191,167
MRDS,10038192,1540
MRDS,10038194,1540
MRDS,10038195,1540
MRDS,10038230,1427
MRDS,10038231,1222
MRDS,10038232,1064
MRDS,10038233,181
MRDS,10038234,1445
MRDS,10038235,139
MRDS,10038236,1505
MRDS,10038260,897
MRDS,10038297,537
MRDS,10038313,1863
MRDS,10038314,1864
MRDS,10038315,432
MRDS,10038415,1474
MRDS,10038416,1069
MRDS,10038417,1865
MRDS,10038418,1866
MRDS,10038419,1670
MRDS,10038420,553
MRDS,10038421,1755
MRDS,10038422,1510
MRDS,10038423,1867
MRDS,10038424,14
MRDS,10038425,1868
MRDS,10038426,1869
MRDS,10038427,1271
MRDS,10038428,601
MRDS,10038429,18
MRDS,10038430,19
MRDS,10038431,1704
MRDS,10038432,1870
MRDS,10038433,312
MRDS,10038434,703
MRDS,10038435,610
MRDS,10038436,1276
MRDS,10038437,847
MRDS,10038438,1239
MRDS,10038439,1138
MRDS,10038440,80
MRDS,10038441,61
MRDS,10038442,157
MRDS,10038443,891
MRDS,10038444,6
MRDS,10038445,952
MRDS,10038446,357
MRDS,10038447,279
MRDS,10038448,233
MRDS,10038449,1763
MRDS,10038450,1565
MRDS,10038622,1871
MRDS,10038682,285
MRDS,10038694,878
MRDS,10038695,1872
MRDS,10038699,1305
MRDS,10038748,1646
MRDS,10038762,1873
MRDS,10038763,1874
MRDS,10038764,173
MRDS,10038765,1500
MRDS,10038766,1638
MRDS,10038767,1875
MRDS,10038769,134
MRDS,10038770,441
MRDS,10038771,1472
MRDS,10038772,1738
MRDS,10038773,743
MRDS,10038791,1023
MRDS,10038796,1085
MRDS,10038797,1876
MRDS,10038798,1877
MRDS,10038800,289
MRDS,10038802,648
MRDS,10038803,1878
MRDS,10038808,49
MRDS,10038809,524
MRDS,10038814,425
MRDS,10038819,509
MRDS,10038825,1403
MRDS,10038826,456
MRDS,10038828,1879
MRDS,10038836,1606
MRDS,10038876,1880
MRDS,10038877,1762
MRDS,10038911,144
MRDS,10038912,1881
MRDS,10038917,494
MRDS,10038918,1882
MRDS,10038919,208
MRDS,10038920,435
MRDS,10038921,521
MRDS,10038922,435
MRDS,10038928,283
MRDS,10038935,9
MRDS,10038973,287
MRDS,10038974,1081
MRDS,10038975,1081
MRDS,10038976,1081
MRDS,10038990,405
MRDS,10038991,1560
MRDS,10038992,902
MRDS,10038994,1161
MRDS,10038999,1410
MRDS,10039019,277
MRDS,10039026,922
MRDS,10039042,15
MRDS,10039044,870
MRDS,10039047,113
MRDS,10039048,628
MRDS,10039049,628
MRDS,10039050,628
MRDS,10039056,1057
MRDS,10039063,1883
MRDS,10039064,1256
MRDS,10039076,450
MRDS,10039077,1834
MRDS,10039086,1808
MRDS,10039091,1884
MRDS,10039112,252
MRDS,10039114,956
MRDS,10039116,1885
MRDS,10039117,1886
MRDS,10039118,1887
MRDS,10039159,1221
MRDS,10039160,1681
MRDS,10039161,1317
MRDS,10039177,401
MRDS,10039178,1117
MRDS,10039179,1162
MRDS,10039180,886
MRDS,10039181,45
MRDS,10039182,407
MRDS,10039183,1691
MRDS,10039184,1888
MRDS,10039185,719
MRDS,10039186,418
MRDS,10039187,1889
MRDS,10039188,90
MRDS,10039189,1495
MRDS,10039190,624
MRDS,10039191,660
MRDS,10039192,1694
MRDS,10039193,1595
MRDS,10039194,684
MRDS,10039195,1292
MRDS,10039196,1733
MRDS,10039197,1446
MRDS,10039198,1890
MRDS,10039199,391
MRDS,10039200,1891
MRDS,10039201,386
MRDS,10039202,359
MRDS,10039203,166
MRDS,10039204,151
MRDS,10039205,1680
MRDS,10039206,1507
MRDS,10039207,465
MRDS,10039208,726
MRDS,10039213,1552
MRDS,10039215,279
MRDS,10039216,6
MRDS,10039217,982
MRDS,10039218,730
MRDS,10039219,929
MRDS,10039220,962
MRDS,10039221,12
MRDS,10039222,990
MRDS,10039223,554
MRDS,10039230,1030
MRDS,10039231,1750
MRDS,10039232,1892
MRDS,10039233,905
MRDS,10039235,859
MRDS,10039238,348
MRDS,10039239,1893
MRDS,10039240,1176
MRDS,10039241,1637
MRDS,10039243,559
MRDS,10039244,1326
MRDS,10039245,1627
MRDS,10039246,1894
MRDS,10039247,526
MRDS,10039248,1214
MRDS,10039249,1895
MRDS,10039250,1180
MRDS,10039251,622
MRDS,10039276,481
MRDS,10039278,1365
MRDS,10039280,1789
MRDS,10039282,1817
MRDS,10039283,1896
MRDS,10039284,972
MRDS,10039286,1897
MRDS,10039293,1036
MRDS,10039294,148
MRDS,10039295,157
MRDS,10039296,1898
MRDS,10039297,168
MRDS,10039298,583
MRDS,10039299,764
MRDS,10039300,235
MRDS,10039301,1899
MRDS,10039302,1900
MRDS,10039303,1901
MRDS,10039304,882
MRDS,10039305,1424
MRDS,10039306,97
MRDS,10039307,1412
MRDS,10039308,1902
MRDS,10039309,1903
MRDS,10039310,1329
MRDS,10039311,492
MRDS,10039312,1904
MRDS,10039313,368
MRDS,10039314,1905
MRDS,10039315,1349
MRDS,10039316,625
MRDS,10039317,805
MRDS,10039318,200
MRDS,10039320,714
MRDS,10039321,1906
MRDS,10039322,93
MRDS,10039323,1907
MRDS,10039324,1593
MRDS,10039325,349
MRDS,10039327,361
MRDS,10039328,1908
MRDS,10039329,1419
MRDS,10039330,513
MRDS,10039331,517
MRDS,10039332,752
MRDS,10039333,530
MRDS,10039334,1593
MRDS,10039335,1334
MRDS,10039336,1389
MRDS,10039337,1593
MRDS,10039338,110
MRDS,10039339,1148
MRDS,10039340,1448
MRDS,10039341,1288
MRDS,10039342,753
MRDS,10039343,417
MRDS,10039344,331
MRDS,10039345,1909
MRDS,10039348,739
MRDS,10039349,372
MRDS,10039350,958
MRDS,10039351,1910
MRDS,10039352,514
MRDS,10039353,1316
MRDS,10039354,779
MRDS,10039355,1572
MRDS,10039356,1522
MRDS,10039357,581
MRDS,10039358,776
MRDS,10039359,241
MRDS,10039360,1290
MRDS,10039361,1656
MRDS,10039371,809
MRDS,10039378,1483
MRDS,10039379,1911
MRDS,10039579,469
MRDS,10040008,702
MRDS,10040151,96
MRDS,10040154,48
MRDS,10040157,68
MRDS,10040159,964
MRDS,10040166,1432
MRDS,10040170,1084
MRDS,10040180,1792
MRDS,10040181,54
MRDS,10040222,1781
MRDS,10040483,846
MRDS,10040671,1549
MRDS,10040960,147
MRDS,10041091,63
MRDS,10041170,400
MRDS,10041302,788
MRDS,10041303,1737
MRDS,10041311,366
MRDS,10041401,1302
MRDS,10041402,908
MRDS,10041403,942
MRDS,10041569,199
MRDS,10041570,597
MRDS,10041660,1107
MRDS,10041661,424
MRDS,10041662,1584
MRDS,10041663,1530
MRDS,10041727,1912
MRDS,10042336,1579
MRDS,10042342,1703
MRDS,10042344,102
MRDS,10042345,819
MRDS,10042347,914
MRDS,10042372,1556
MRDS,10042384,1653
MRDS,10042391,992
MRDS,10042397,1078
MRDS,10042685,416
MRDS,10042687,398
MRDS,10042725,292
MRDS,10042880,761
MRDS,10042983,877
MRDS,10043117,7
MRDS,10043140,919
MRDS,10043141,1005
MRDS,10043185,1625
MRDS,10043243,1635
MRDS,10043259,310
MRDS,10043266,1120
MRDS,10043268,1051
MRDS,10043680,1266
MRDS,10043728,1517
MRDS,10043962,986
MRDS,10044194,255
MRDS,10044699,44
MRDS,10044714,608
MRDS,10045082,544
MRDS,10045365,889
MRDS,10045368,871
MRDS,10045688,1777
MRDS,10047005,1090
MRDS,10047179,1146
MRDS,10047314,1490
MRDS,10047353,86
MRDS,10047365,1340
MRDS,10047426,1059
MRDS,10047502,1642
MRDS,10047503,1642
MRDS,10047811,1913
MRDS,10047827,1039
MRDS,10047917,87
MRDS,10047983,383
MRDS,10047996,459
MRDS,10048000,1134
MRDS,10048002,1655
MRDS,10048024,123
MRDS,10048031,326
MRDS,10048038,133
MRDS,10048446,907
MRDS,10048460,356
MRDS,10048462,795
MRDS,10048466,615
MRDS,10048478,343
MRDS,10048496,1086
MRDS,10048501,1832
MRDS,10048502,102
MRDS,10048504,1434
MRDS,10048505,102
MRDS,10048506,633
MRDS,10048507,695
MRDS,10048508,1442
MRDS,10048509,1582
MRDS,10048510,102
MRDS,10048511,682
MRDS,10048512,1524
MRDS,10048513,1524
MRDS,10048514,1524
MRDS,10048518,1914
MRDS,10048520,1915
MRDS,10048522,102
MRDS,10048523,20
MRDS,10048608,1335
MRDS,10048632,826
MRDS,10048643,1916
MRDS,10048644,1917
MRDS,10048648,487
MRDS,10048658,914
MRDS,10049097,1225
MRDS,10049487,1230
MRDS,10052654,1016
MRDS,10052659,662
MRDS,10052666,614
MRDS,10052679,55
MRDS,10052680,1803
MRDS,10052685,244
MRDS,10052914,1581
MRDS,10053281,793
MRDS,10053333,1386
MRDS,10053357,1786
MRDS,10053464,398
MRDS,10053688,567
MRDS,10053914,315
MRDS,10054775,263
MRDS,10055089,1516
MRDS,10055197,1486
MRDS,10055388,551
MRDS,10055839,912
MRDS,10055842,192
MRDS,10055845,1381
MRDS,10055896,788
MRDS,10055939,622
MRDS,10055969,1556
MRDS,10055997,199
MRDS,10056088,87
MRDS,10056099,826
MRDS,10056111,261
MRDS,10056235,992
MRDS,10056245,258
MRDS,10056246,1582
MRDS,10056247,102
MRDS,10056248,1115
MRDS,10056249,1442
MRDS,10056250,1364
MRDS,10056251,819
MRDS,10056252,1524
MRDS,10056253,1506
MRDS,10056254,99
MRDS,10056255,5
MRDS,10056256,102
MRDS,10056257,102
MRDS,10056259,1442
MRDS,10056260,1240
MRDS,10056261,1384
MRDS,10056262,617
MRDS,10056263,1548
MRDS,10056351,186
MRDS,10056371,141
MRDS,10056416,1496
MRDS,10056552,1716
MRDS,10057278,1807
MRDS,10057279,51
MRDS,10057337,1918
MRDS,10058124,1919
MRDS,10058820,111
MRDS,10059578,140
MRDS,10060670,900
MRDS,10060671,603
MRDS,10060672,228
MRDS,10060676,202
MRDS,10060741,945
MRDS,10060745,1021
MRDS,10060832,1920
MRDS,10061550,659
MRDS,10061551,649
MRDS,10061559,83
MRDS,10061749,1921
MRDS,10061782,467
MRDS,10062008,607
MRDS,10062418,1100
MRDS,10062439,589
MRDS,10063696,1922
MRDS,10063739,934
MRDS,10063847,1112
MRDS,10063981,1569
MRDS,10064326,1184
MRDS,10064328,1923
MRDS,10065478,1814
MRDS,10065479,694
MRDS,10065480,228
MRDS,10065483,510
MRDS,10065639,290
MRDS,10065640,290
MRDS,10065641,1758
MRDS,10065642,290
MRDS,10065643,290
MRDS,10065652,149
MRDS,10065665,1924
MRDS,10065683,1925
MRDS,10065694,1711
MRDS,10066760,128
MRDS,10066762,1585
MRDS,10066763,1692
MRDS,10067409,1093
MRDS,10067413,130
MRDS,10067416,130
MRDS,10067429,130
MRDS,10067481,130
MRDS,10067486,130
MRDS,10067487,130
MRDS,10067488,130
MRDS,10067491,130
MRDS,10067526,799
MRDS,10067528,308
MRDS,10067530,692
MRDS,10067532,927
MRDS,10067533,1764
MRDS,10067534,991
MRDS,10067535,237
MRDS,10067537,1280
MRDS,10067538,1047
MRDS,10067539,960
MRDS,10067565,533
MRDS,10067570,1605
MRDS,10067572,2
MRDS,10067573,854
MRDS,10067574,1046
MRDS,10067575,1926
MRDS,10067576,890
MRDS,10067579,1167
MRDS,10067580,1479
MRDS,10067581,1927
MRDS,10067582,570
MRDS,10067587,558
MRDS,10067588,604
MRDS,10067589,765
MRDS,10067590,789
MRDS,10067591,1559
MRDS,10067592,769
MRDS,10067593,1591
MRDS,10067720,800
MRDS,10067769,189
MRDS,10067821,1928
MRDS,10067822,519
MRDS,10067823,220
MRDS,10067824,439
MRDS,10067825,472
MRDS,10067827,1929
MRDS,10067828,545
MRDS,10067829,773
MRDS,10067830,314
MRDS,10067831,634
MRDS,10067832,1159
MRDS,10067833,7
MRDS,10067835,25
MRDS,10067838,587
MRDS,10067843,1360
MRDS,10067844,317
MRDS,10067845,1234
MRDS,10067846,88
MRDS,10067847,23
MRDS,10067848,1826
MRDS,10067849,569
MRDS,10067850,1543
MRDS,10067851,1101
MRDS,10067853,830
MRDS,10067854,1010
MRDS,10067855,1357
MRDS,10067856,177
MRDS,10067857,1333
MRDS,10067858,477
MRDS,10067859,205
MRDS,10067860,639
MRDS,10067862,606
MRDS,10067863,1227
MRDS,10067864,924
MRDS,10067866,1493
MRDS,10067867,1455
MRDS,10067868,1538
MRDS,10068172,1930
MRDS,10068210,552
MRDS,10068215,1278
MRDS,10068216,912
MRDS,10068217,1062
MRDS,10068218,261
MRDS,10068219,1170
MRDS,10068220,788
MRDS,10068221,364
MRDS,10068222,185
MRDS,10068223,84
MRDS,10068224,1931
MRDS,10068225,1932
MRDS,10068226,192
MRDS,10068227,1737
MRDS,10068456,1799
MRDS,10068465,259
MRDS,10068485,1830
MRDS,10068855,323
MRDS,10068937,737
MRDS,10068938,737
MRDS,10069035,839
MRDS,10069036,851
MRDS,10069193,1307
MRDS,10069194,501
MRDS,10069195,751
MRDS,10069196,136
MRDS,10069197,1310
MRDS,10069198,1216
MRDS,10069212,443
MRDS,10069213,1588
MRDS,10069214,1572
MRDS,10069215,779
MRDS,10069216,1392
MRDS,10069217,804
MRDS,10069218,776
MRDS,10069219,792
MRDS,10069220,1933
MRDS,10069221,1934
MRDS,10069223,1935
MRDS,10069224,1502
MRDS,10069225,1936
MRDS,10069226,1646
MRDS,10069227,1139
MRDS,10069228,1407
MRDS,10069229,1089
MRDS,10069230,1089
MRDS,10069231,1937
MRDS,10069232,501
MRDS,10069233,673
MRDS,10069234,1408
MRDS,10069236,57
MRDS,10069237,8
MRDS,10069238,1306
MRDS,10069239,906
MRDS,10069240,1587
MRDS,10069241,1669
MRDS,10069242,159
MRDS,10069243,1633
MRDS,10069244,661
MRDS,10069245,1024
MRDS,10069246,1723
MRDS,10069248,1250
MRDS,10069249,1282
MRDS,10069250,246
MRDS,10069251,1453
MRDS,10069252,246
MRDS,10069253,1837
MRDS,10069254,246
MRDS,10069255,1938
MRDS,10069256,1939
MRDS,10069257,1218
MRDS,10069258,1218
MRDS,10069259,1382
MRDS,10069260,1382
MRDS,10069261,313
MRDS,10069262,1940
MRDS,10069263,1382
MRDS,10069264,454
MRDS,10069265,817
MRDS,10069266,1941
MRDS,10069267,1471
MRDS,10069268,466
MRDS,10069269,627
MRDS,10069270,320
MRDS,10069271,1942
MRDS,10069296,1019
MRDS,10069370,1290
MRDS,10069371,241
MRDS,10069372,501
MRDS,10069373,1216
MRDS,10069376,917
MRDS,10069377,415
MRDS,10069379,755
MRDS,10069419,1943
MRDS,10069621,1726
MRDS,10069622,1690
MRDS,10069626,595
MRDS,10069631,1422
MRDS,10069632,516
MRDS,10069635,1431
MRDS,10069637,1624
MRDS,10069645,1331
MRDS,10069646,835
MRDS,10069650,1766
MRDS,10069651,676
MRDS,10069652,329
MRDS,10069679,355
MRDS,10069680,1759
MRDS,10069696,1767
MRDS,10069938,918
MRDS,10069962,457
MRDS,10069968,460
MRDS,10070063,1944
MRDS,10070064,520
MRDS,10070065,1945
MRDS,10070066,500
MRDS,10070067,1946
MRDS,10070068,1537
MRDS,10070069,89
MRDS,10070070,895
MRDS,10070071,1264
MRDS,10070072,148
MRDS,10070073,148
MRDS,10070074,148
MRDS,10070075,610
MRDS,10070076,610
MRDS,10070077,1947
MRDS,10070078,578
MRDS,10070079,636
MRDS,10070080,422
MRDS,10070138,377
MRDS,10070298,1211
MRDS,10070511,122
MRDS,10070512,577
MRDS,10070513,274
MRDS,10070514,1725
MRDS,10070515,566
MRDS,10070516,340
MRDS,10070517,1293
MRDS,10070518,611
MRDS,10070519,402
MRDS,10070520,550
MRDS,10070521,550
MRDS,10070522,1346
MRDS,10070523,351
MRDS,10070524,170
MRDS,10070543,27
MRDS,10070544,701
MRDS,10070549,1586
MRDS,10070550,1320
MRDS,10071874,655
MRDS,10071935,1487
MRDS,10071936,896
MRDS,10071983,81
MRDS,10071988,1648
MRDS,10072179,1791
MRDS,10072187,24
MRDS,10072944,17
MRDS,10072945,1091
MRDS,10072946,1091
MRDS,10073057,983
MRDS,10073073,479
MRDS,10073113,1761
MRDS,10073171,1237
MRDS,10073174,613
MRDS,10073397,1948
MRDS,10073446,175
MRDS,10073450,1949
MRDS,10077302,278
MRDS,10078272,288
MRDS,10078298,562
MRDS,10078354,1950
MRDS,10078668,815
MRDS,10078677,1951
MRDS,10078712,444
MRDS,10079223,524
MRDS,10079224,1722
MRDS,10079228,1525
MRDS,10079492,1731
MRDS,10079573,250
MRDS,10079574,250
MRDS,10079575,1353
MRDS,10079576,480
MRDS,10079577,273
MRDS,10079578,683
MRDS,10079579,1328
MRDS,10079580,1699
MRDS,10079581,1328
MRDS,10079582,935
MRDS,10079583,1590
MRDS,10079584,1013
MRDS,10079585,1013
MRDS,10079586,1590
MRDS,10079587,381
MRDS,10079588,1058
MRDS,10079589,1519
MRDS,10079590,1181
MRDS,10079591,1270
MRDS,10079592,967
MRDS,10079593,609
MRDS,10079594,1522
MRDS,10079595,90
MRDS,10079596,407
MRDS,10079597,646
MRDS,10079598,527
MRDS,10079599,1267
MRDS,10079600,1952
MRDS,10079601,1194
MRDS,10079603,112
MRDS,10079604,1443
MRDS,10079605,1788
MRDS,10079606,725
MRDS,10079607,408
MRDS,10079608,1953
MRDS,10079611,272
MRDS,10079612,461
MRDS,10079613,1251
MRDS,10079614,801
MRDS,10079615,64
MRDS,10079616,754
MRDS,10079617,754
MRDS,10079618,754
MRDS,10079619,1110
MRDS,10079620,1658
MRDS,10079621,1717
MRDS,10079622,959
MRDS,10079623,150
MRDS,10079624,150
MRDS,10079625,1819
MRDS,10079626,1395
MRDS,10079627,572
MRDS,10079652,212
MRDS,10079653,257
MRDS,10079654,257
MRDS,10079655,724
MRDS,10079656,724
MRDS,10079657,286
MRDS,10079658,518
MRDS,10079659,1840
MRDS,10079660,1816
MRDS,10079661,303
MRDS,10079662,1954
MRDS,10079663,1955
MRDS,10079664,1231
MRDS,10079665,1231
MRDS,10079905,1956
MRDS,10080127,1350
MRDS,10080129,1645
MRDS,10080130,987
MRDS,10080131,1003
MRDS,10080886,1710
MRDS,10081194,588
MRDS,10081611,336
MRDS,10082817,810
MRDS,10082823,71
MRDS,10082825,360
MRDS,10082827,1702
MRDS,10082828,1702
MRDS,10082829,242
MRDS,10082830,242
MRDS,10082831,4
MRDS,10082832,1380
MRDS,10082833,930
MRDS,10082834,672
MRDS,10082891,1489
MRDS,10082900,677
MRDS,10083272,448
MRDS,10083636,1103
MRDS,10083640,132
MRDS,10084420,37
MRDS,10084421,1636
MRDS,10084543,1458
MRDS,10084659,1163
MRDS,10084760,1563
MRDS,10084785,1283
MRDS,10084852,1532
MRDS,10085045,584
MRDS,10085046,1152
MRDS,10085047,1957
MRDS,10085080,1958
MRDS,10085243,1443
MRDS,10085244,1959
MRDS,10085245,1960
MRDS,10085265,712
MRDS,10085266,688
MRDS,10085268,842
MRDS,10085269,1361
MRDS,10085285,1125
MRDS,10085286,388
MRDS,10085358,1961
MRDS,10085460,36
MRDS,10085461,36
MRDS,10085462,29
MRDS,10085463,28
MRDS,10085464,28
MRDS,10085466,293
MRDS,10085467,293
MRDS,10085675,693
MRDS,10085870,635
MRDS,10085874,1962
MRDS,10085876,1171
MRDS,10085929,152
MRDS,10085934,1963
MRDS,10085947,1338
MRDS,10085958,378
MRDS,10086131,1674
MRDS,10086618,276
MRDS,10087816,576
MRDS,10088110,1650
MRDS,10088849,1053
MRDS,10088863,1470
MRDS,10088864,1400
MRDS,10088865,711
MRDS,10088866,707
MRDS,10088867,721
MRDS,10089065,1964
MRDS,10089071,449
MRDS,10089355,763
MRDS,10089690,522
MRDS,10090137,1965
MRDS,10090503,505
MRDS,10090748,994
MRDS,10091053,179
MRDS,10091055,1210
MRDS,10092609,1616
MRDS,10092638,768
MRDS,10092674,1066
MRDS,10092675,1567
MRDS,10093019,1053
MRDS,10093102,819
MRDS,10093103,695
MRDS,10093104,819
MRDS,10093105,1524
MRDS,10093106,1045
MRDS,10093107,1115
MRDS,10093184,1818
MRDS,10093199,1528
MRDS,10093212,922
MRDS,10093486,1247
MRDS,10093748,1241
MRDS,10093769,815
MRDS,10093804,511
MRDS,10093805,1244
MRDS,10094079,358
MRDS,10094433,1253
MRDS,10094627,508
MRDS,10094633,328
MRDS,10094635,831
MRDS,10094652,1433
MRDS,10095118,1607
MRDS,10095153,1794
MRDS,10095345,554
MRDS,10095356,248
MRDS,10095357,248
MRDS,10095358,1667
MRDS,10095401,630
MRDS,10095403,1542
MRDS,10095404,1966
MRDS,10095405,1348
MRDS,10095406,1535
MRDS,10095407,1677
MRDS,10095408,119
MRDS,10095409,236
MRDS,10095410,1677
MRDS,10095411,101
MRDS,10095412,1342
MRDS,10095413,532
MRDS,10095414,1203
MRDS,10095415,219
MRDS,10095416,1596
MRDS,10095417,1529
MRDS,10095418,804
MRDS,10095419,1570
MRDS,10095654,299
MRDS,10095712,1476
MRDS,10095778,1261
MRDS,10095812,1491
MRDS,10096046,796
MRDS,10096047,687
MRDS,10096150,540
MRDS,10096171,658
MRDS,10096173,581
MRDS,10096174,975
MRDS,10096175,852
MRDS,10096176,513
MRDS,10096177,1738
MRDS,10096178,616
MRDS,10096179,813
MRDS,10096180,246
MRDS,10096181,246
MRDS,10096182,1453
MRDS,10096183,1388
MRDS,10096184,1649
MRDS,10096185,206
MRDS,10096186,1712
MRDS,10096187,734
MRDS,10096235,38
MRDS,10096236,1725
MRDS,10096237,577
MRDS,10096238,701
MRDS,10096324,1751
MRDS,10096379,899
MRDS,10096418,0
MRDS,10096427,729
MRDS,10096538,599
MRDS,10096541,724
MRDS,10096542,620
MRDS,10096543,1231
MRDS,10096569,948
MRDS,10096777,191
MRDS,10097038,398
MRDS,10097097,105
MRDS,10097100,1500
MRDS,10097102,1560
MRDS,10097104,498
MRDS,10097117,401
MRDS,10097118,925
MRDS,10097119,539
MRDS,10097120,1312
MRDS,10097121,1457
MRDS,10097122,1619
MRDS,10097123,1067
MRDS,10097124,1967
MRDS,10097125,1536
MRDS,10097126,1463
MRDS,10097127,996
MRDS,10097128,1375
MRDS,10097130,879
MRDS,10097131,1562
MRDS,10097132,727
MRDS,10097135,1133
MRDS,10097136,745
MRDS,10097137,629
MRDS,10097138,629
MRDS,10097139,1187
MRDS,10097140,238
MRDS,10097247,748
MRDS,10097252,201
MRDS,10097342,1313
MRDS,10097396,1591
MRDS,10097428,1795
MRDS,10097433,1080
MRDS,10097453,307
MRDS,10097454,1845
MRDS,10097455,1727
MRDS,10097456,754
MRDS,10097457,754
MRDS,10097458,1968
MRDS,10097461,286
MRDS,10097462,1816
MRDS,10097614,296
MRDS,10097641,1377
MRDS,10097684,430
MRDS,10098089,1561
MRDS,10098337,446
MRDS,10098381,713
MRDS,10098394,153
MRDS,10098395,739
MRDS,10098404,113
MRDS,10098406,209
MRDS,10098408,491
MRDS,10098412,335
MRDS,10098413,131
MRDS,10098414,985
MRDS,10098415,619
MRDS,10098416,1969
MRDS,10098417,78
MRDS,10098418,135
MRDS,10098422,481
MRDS,10098423,1074
MRDS,10098424,1970
MRDS,10098425,775
MRDS,10099296,34
MRDS,10099656,681
MRDS,10100223,1116
MRDS,10100227,67
MRDS,10100251,1449
MRDS,10101568,1165
MRDS,10101671,1971
MRDS,10101798,582
MRDS,10101998,1215
MRDS,10102968,1376
MRDS,10103631,1833
MRDS,10103638,1199
MRDS,10103641,181
MRDS,10103642,916
MRDS,10103675,11
MRDS,10103676,3
MRDS,10103677,6
MRDS,10103678,502
MRDS,10103708,1269
MRDS,10103709,520
MRDS,10103723,1793
MRDS,10104012,1664
MRDS,10104309,803
MRDS,10105491,1350
MRDS,10105492,1689
MRDS,10105493,1044
MRDS,10105494,889
MRDS,10105495,1073
MRDS,10105496,27
MRDS,10105521,1972
MRDS,10105522,1739
MRDS,10105523,341
MRDS,10105603,1404
MRDS,10105645,577
MRDS,10106404,1810
MRDS,10106677,1096
MRDS,10106770,601
MRDS,10106771,998
MRDS,10106772,1502
MRDS,10106774,1307
MRDS,10106775,480
MRDS,10106874,1243
MRDS,10106875,500
MRDS,10106889,1169
MRDS,10106902,1311
MRDS,10106903,640
MRDS,10106907,463
MRDS,10106908,1973
MRDS,10106923,843
MRDS,10106950,605
MRDS,10106978,297
MRDS,10107276,904
MRDS,10107292,89
MRDS,10107293,281
MRDS,10107361,731
MRDS,10107445,1014
MRDS,10107740,785
MRDS,10107993,1439
MRDS,10107995,1263
MRDS,10108244,188
MRDS,10109554,691
MRDS,10109555,1322
MRDS,10109556,146
MRDS,10109557,1038
MRDS,10109558,885
MRDS,10109559,365
MRDS,10109560,496
MRDS,10109561,1558
MRDS,10109562,279
MRDS,10109568,367
MRDS,10109569,46
MRDS,10109571,82
MRDS,10109572,352
MRDS,10109594,911
MRDS,10109596,240
MRDS,10109656,436
MRDS,10110376,515
MRDS,10110431,512
MRDS,10110438,1652
MRDS,10110439,610
MRDS,10111259,623
MRDS,10111268,1974
MRDS,10111325,1702
MRDS,10111326,143
MRDS,10111638,1027
MRDS,10111677,531
MRDS,10111819,1975
MRDS,10111918,464
MRDS,10112005,1417
MRDS,10112093,1226
MRDS,10112281,412
MRDS,10112464,213
MRDS,10112493,1847
MRDS,10112530,841
MRDS,10112532,475
MRDS,10112612,790
MRDS,10112665,1734
MRDS,10112687,874
MRDS,10112721,1308
MRDS,10112731,1976
MRDS,10112827,821
MRDS,10112856,824
MRDS,10112920,1323
MRDS,10113015,468
MRDS,10113140,109
MRDS,10113716,1745
MRDS,10115304,1184
MRDS,10115341,789
MRDS,10115682,1048
MRDS,10116297,1048
MRDS,10116878,574
MRDS,10116922,270
MRDS,10117166,1685
MRDS,10117246,1265
MRDS,10117276,188
MRDS,10117317,680
MRDS,10117466,188
MRDS,10118028,1977
MRDS,10118029,1484
MRDS,10118080,354
MRDS,10118288,1070
MRDS,10118298,1618
MRDS,10118458,1805
MRDS,10118465,1300
MRDS,10118621,1978
MRDS,10118911,1551
MRDS,10118935,132
MRDS,10119380,264
MRDS,10119960,1514
MRDS,10119962,1352
MRDS,10120626,1979
MRDS,10121356,1163
MRDS,10121550,466
MRDS,10121792,1580
MRDS,10122682,1235
MRDS,10123051,1259
MRDS,10123215,1980
MRDS,10123293,1981
MRDS,10123538,1728
MRDS,10123595,971
MRDS,10123596,94
MRDS,10123698,373
MRDS,10123897,421
MRDS,10124157,1982
MRDS,10124560,102
MRDS,10124739,215
MRDS,10124807,1707
MRDS,10124825,275
MRDS,10125021,1088
MRDS,10125374,440
MRDS,10126144,1275
MRDS,10126743,316
MRDS,10127084,1298
MRDS,10127251,1578
MRDS,10127384,333
MRDS,10128227,446
MRDS,10128333,1372
MRDS,10128398,554
MRDS,10128642,818
MRDS,10128653,1077
MRDS,10128671,7
MRDS,10128693,244
MRDS,10128703,55
MRDS,10128785,1026
MRDS,10128792,772
MRDS,10128800,1051
MRDS,10128836,856
MRDS,10129354,634
MRDS,10130553,1695
MRDS,10130601,1460
MRDS,10130629,1224
MRDS,10130679,1268
MRDS,10130845,1406
MRDS,10131042,1687
MRDS,10131417,1254
MRDS,10131524,1076
MRDS,10131596,876
MRDS,10131622,87
MRDS,10131656,1567
MRDS,10131692,711
MRDS,10131749,383
MRDS,10131834,1302
MRDS,10131913,908
MRDS,10131936,1705
MRDS,10131938,992
MRDS,10132057,1523
MRDS,10132081,1039
MRDS,10132114,87
MRDS,10132975,12
MRDS,10133077,1983
MRDS,10133101,903
MRDS,10133274,119
MRDS,10133386,903
MRDS,10133442,1984
MRDS,10133565,1783
MRDS,10133721,1105
MRDS,10133722,1822
MRDS,10133725,1985
MRDS,10133726,1986
MRDS,10133747,836
MRDS,10133788,211
MRDS,10133803,247
MRDS,10133813,575
MRDS,10133921,954
MRDS,10133966,786
MRDS,10133977,635
MRDS,10134002,704
MRDS,10134021,1110
MRDS,10134034,1272
MRDS,10134039,751
MRDS,10134066,302
MRDS,10134069,1987
MRDS,10134102,1784
MRDS,10134139,864
MRDS,10134145,1988
MRDS,10134154,1150
MRDS,10134165,1989
MRDS,10134183,1621
MRDS,10134246,115
MRDS,10134250,938
MRDS,10134280,1198
MRDS,10134288,1246
MRDS,10134307,318
MRDS,10134338,820
MRDS,10134371,1204
MRDS,10134414,621
MRDS,10134425,1770
MRDS,10134543,1098
MRDS,10134587,873
MRDS,10134697,1122
MRDS,10134700,1614
MRDS,10134713,198
MRDS,10134754,656
MRDS,10134767,620
MRDS,10134830,45
MRDS,10134869,1518
MRDS,10135062,1990
MRDS,10135127,1709
MRDS,10135633,1991
MRDS,10136099,1301
MRDS,10136382,979
MRDS,10136505,641
MRDS,10136589,1319
MRDS,10136610,1002
MRDS,10136732,73
MRDS,10136752,963
MRDS,10136754,1841
MRDS,10136786,555
MRDS,10136902,1414
MRDS,10136985,1573
MRDS,10137002,657
MRDS,10137040,698
MRDS,10137108,1626
MRDS,10137174,978
MRDS,10137182,1007
MRDS,10137185,427
MRDS,10137230,178
MRDS,10137251,75
MRDS,10138292,1499
MRDS,10138416,1504
MRDS,10138453,880
MRDS,10138458,1385
MRDS,10138628,362
MRDS,10139415,1992
MRDS,10139747,1291
MRDS,10140214,1843
MRDS,10140787,70
MRDS,10141438,1550
MRDS,10141639,1258
MRDS,10141912,104
MRDS,10142195,508
MRDS,10142323,1620
MRDS,10142558,849
MRDS,10142639,1082
MRDS,10142905,525
MRDS,10142907,1127
MRDS,10142987,699
MRDS,10143430,155
MRDS,10144159,265
MRDS,10144621,1632
MRDS,10145263,88
MRDS,10145484,654
MRDS,10145490,1802
MRDS,10146643,1713
MRDS,10146828,393
MRDS,10147185,1402
MRDS,10147189,1465
MRDS,10147263,1465
MRDS,10147328,1235
MRDS,10147660,1359
MRDS,10147686,373
MRDS,10147697,225
MRDS,10147791,309
MRDS,10147940,933
MRDS,10147969,1534
MRDS,10148391,594
MRDS,10148428,1993
MRDS,10148622,1429
MRDS,10148865,1115
MRDS,10148974,837
MRDS,10149641,1696
MRDS,10149686,1603
MRDS,10150868,1994
MRDS,10152364,614
MRDS,10152376,398
MRDS,10152428,398
MRDS,10152482,1803
MRDS,10152483,1611
MRDS,10152608,590
MRDS,10152678,446
MRDS,10152748,973
MRDS,10152822,1803
MRDS,10152852,1786
MRDS,10152906,816
MRDS,10152931,1635
MRDS,10152963,398
MRDS,10153005,1607
MRDS,10153061,1281
MRDS,10153581,1159
MRDS,10154875,987
MRDS,10155474,788
MRDS,10155548,1436
MRDS,10155562,1107
MRDS,10155567,424
MRDS,10155591,585
MRDS,10155592,735
MRDS,10155607,1456
MRDS,10155629,1667
MRDS,10155657,931
MRDS,10155721,1469
MRDS,10155782,400
MRDS,10155801,1634
MRDS,10155868,1736
MRDS,10155876,1655
MRDS,10155960,1473
MRDS,10155994,1995
MRDS,10156221,735
MRDS,10156314,598
MRDS,10156498,1610
MRDS,10156501,339
MRDS,10156710,1996
MRDS,10157120,513
MRDS,10157364,1355
MRDS,10157585,1466
MRDS,10157777,1232
MRDS,10157872,1097
MRDS,10157959,733
MRDS,10157963,766
MRDS,10157966,1825
MRDS,10157968,1997
MRDS,10157975,1998
MRDS,10158001,618
MRDS,10158005,664
MRDS,10158007,872
MRDS,10158039,1141
MRDS,10158064,553
MRDS,10158140,1318
MRDS,10158181,176
MRDS,10158196,1627
MRDS,10158214,903
MRDS,10158223,1315
MRDS,10158230,1640
MRDS,10158245,108
MRDS,10158290,1243
MRDS,10158301,674
MRDS,10158345,1160
MRDS,10158394,1153
MRDS,10158404,409
MRDS,10158447,226
MRDS,10158578,1149
MRDS,10158713,124
MRDS,10158793,838
MRDS,10158808,953
MRDS,10158826,1553
MRDS,10158897,1999
MRDS,10158925,1568
MRDS,10158939,267
MRDS,10158964,165
MRDS,10159042,1673
MRDS,10159064,747
MRDS,10159092,234
MRDS,10159109,2000
MRDS,10159127,253
MRDS,10159158,137
MRDS,10159188,1767
MRDS,10159192,1050
MRDS,10159292,966
MRDS,10159623,1043
MRDS,10160296,777
MRDS,10160331,217
MRDS,10160636,1287
MRDS,10160794,1130
MRDS,10160866,631
MRDS,10161005,420
MRDS,10161041,488
MRDS,10161085,447
MRDS,10161181,2001
MRDS,10161193,1477
MRDS,10161278,1746
MRDS,10161317,862
MRDS,10161371,387
MRDS,10161387,2002
MRDS,10161515,1688
MRDS,10162515,715
MRDS,10162894,1602
MRDS,10163703,2003
MRDS,10165301,1376
MRDS,10166102,866
MRDS,10166724,508
MRDS,10166819,989
MRDS,10167510,1846
MRDS,10167638,1396
MRDS,10168258,738
MRDS,10168387,774
MRDS,10169799,850
MRDS,10169821,419
MRDS,10170102,1447
MRDS,10172090,1235
MRDS,10172109,384
MRDS,10172172,98
MRDS,10172207,1402
MRDS,10172287,1332
MRDS,10172295,1608
MRDS,10172504,2004
MRDS,10172995,196
MRDS,10173018,1136
MRDS,10173214,322
MRDS,10173234,1106
MRDS,10173248,1109
MRDS,10173251,1207
MRDS,10173363,1109
MRDS,10173430,819
MRDS,10173585,708
MRDS,10173743,723
MRDS,10174011,957
MRDS,10175393,1749
MRDS,10176617,1798
MRDS,10176644,990
MRDS,10176676,114
MRDS,10176790,662
MRDS,10176822,485
MRDS,10176823,1625
MRDS,10176863,325
MRDS,10176940,919
MRDS,10177032,1581
MRDS,10177157,1383
MRDS,10177323,1803
MRDS,10177367,446
MRDS,10177995,1011
MRDS,10178416,1044
MRDS,10178602,814
MRDS,10179722,1022
MRDS,10179933,970
MRDS,10180013,1839
MRDS,10180167,561
MRDS,10180389,622
MRDS,10180410,1796
MRDS,10180545,580
MRDS,10181342,650
MRDS,10181501,875
MRDS,10181559,141
MRDS,10181649,61
MRDS,10181828,293
MRDS,10181911,903
MRDS,10181957,1466
MRDS,10181995,28
MRDS,10182059,1449
MRDS,10182094,886
MRDS,10182164,536
MRDS,10182166,794
MRDS,10182215,1461
MRDS,10182366,883
MRDS,10182406,305
MRDS,10182416,872
MRDS,10182432,1065
MRDS,10182433,1496
MRDS,10182503,429
MRDS,10182588,1157
MRDS,10182647,1478
MRDS,10182709,853
MRDS,10182710,1528
MRDS,10182728,1723
MRDS,10182794,1714
MRDS,10182798,915
MRDS,10182812,1657
MRDS,10182836,1508
MRDS,10182845,1774
MRDS,10182853,663
MRDS,10182888,1819
MRDS,10182919,564
MRDS,10182922,1177
MRDS,10182969,1821
MRDS,10183015,835
MRDS,10183042,42
MRDS,10183090,1235
MRDS,10183109,1193
MRDS,10183110,1049
MRDS,10183132,1178
MRDS,10183140,2005
MRDS,10183153,1223
MRDS,10183203,1243
MRDS,10183210,1821
MRDS,10183219,2006
MRDS,10183240,59
MRDS,10183256,2007
MRDS,10183303,1043
MRDS,10183379,214
MRDS,10183388,967
MRDS,10183407,1701
MRDS,10183426,1418
MRDS,10183476,756
MRDS,10183492,1201
MRDS,10183507,2008
MRDS,10183526,337
MRDS,10183573,503
MRDS,10183584,1784
MRDS,10183655,1178
MRDS,10184080,171
MRDS,10184182,2009
MRDS,10184189,1545
MRDS,10184295,1238
MRDS,10184382,2010
MRDS,10184670,692
MRDS,10184689,644
MRDS,10184909,1325
MRDS,10185467,1778
MRDS,10185518,1056
MRDS,10185549,1319
MRDS,10185564,1252
MRDS,10185577,777
MRDS,10185652,1497
MRDS,10185729,698
MRDS,10185739,1323
MRDS,10185779,191
MRDS,10185825,807
MRDS,10185836,626
MRDS,10185879,1236
MRDS,10185938,13
MRDS,10185964,1368
MRDS,10186601,571
MRDS,10187174,1811
MRDS,10187460,854
MRDS,10187658,1665
MRDS,10189223,1343
MRDS,10189244,1037
MRDS,10189588,1544
MRDS,10189611,1559
MRDS,10190175,41
MRDS,10191037,1430
MRDS,10191352,2011
MRDS,10191532,985
MRDS,10191560,1475
MRDS,10192030,1493
MRDS,10194095,2012
MRDS,10194324,330
MRDS,10194383,1234
MRDS,10195410,2013
MRDS,10196010,298
MRDS,10196070,1402
MRDS,10196091,1615
MRDS,10196495,971
MRDS,10196555,1399
MRDS,10196601,1485
MRDS,10196805,1613
MRDS,10196818,2014
MRDS,10196883,1075
MRDS,10196982,1285
MRDS,10197042,1324
MRDS,10197049,1324
MRDS,10197308,587
MRDS,10197438,102
MRDS,10197594,596
MRDS,10197651,523
MRDS,10197690,811
MRDS,10197878,44
MRDS,10197903,311
MRDS,10200627,147
MRDS,10200711,1776
MRDS,10200765,1797
MRDS,10200927,940
MRDS,10200984,981
MRDS,10201020,662
MRDS,10201067,7
MRDS,10201170,1242
MRDS,10201277,671
MRDS,10201336,497
MRDS,10201357,802
MRDS,10201615,117
MRDS,10201620,497
MRDS,10201736,1576
MRDS,10202491,759
MRDS,10203572,84
MRDS,10203673,1257
MRDS,10203916,912
MRDS,10204098,192
MRDS,10204104,1765
MRDS,10204239,1612
MRDS,10204355,735
MRDS,10204366,1261
MRDS,10204387,1208
MRDS,10204485,711
MRDS,10204567,942
MRDS,10204611,1134
MRDS,10204724,133
MRDS,10204768,397
MRDS,10204804,1831
MRDS,10204975,735
MRDS,10204979,1062
MRDS,10205539,1398
MRDS,10205636,2015
MRDS,10205868,1774
MRDS,10205882,293
MRDS,10205883,2016
MRDS,10206109,2017
MRDS,10206117,271
MRDS,10206178,1336
MRDS,10206269,1225
MRDS,10206403,1367
MRDS,10206525,12
MRDS,10206559,903
MRDS,10206630,1643
MRDS,10206716,56
MRDS,10206717,1672
MRDS,10206745,1827
MRDS,10206776,1741
MRDS,10206806,1273
MRDS,10206849,829
MRDS,10206924,780
MRDS,10206943,1354
MRDS,10206990,52
MRDS,10207003,725
MRDS,10207035,704
MRDS,10207062,1800
MRDS,10207069,1188
MRDS,10207075,665
MRDS,10207101,791
MRDS,10207176,678
MRDS,10207203,195
MRDS,10207225,1185
MRDS,10207236,72
MRDS,10207262,704
MRDS,10207267,2018
MRDS,10207312,1430
MRDS,10207325,1512
MRDS,10207326,1369
MRDS,10207405,884
MRDS,10207435,1114
MRDS,10207482,1651
MRDS,10207513,254
MRDS,10207596,2019
MRDS,10207604,1267
MRDS,10207627,1824
MRDS,10207697,197
MRDS,10207823,683
MRDS,10207952,2020
MRDS,10207995,1622
MRDS,10208042,2021
MRDS,10208055,1444
MRDS,10208059,452
MRDS,10208111,669
MRDS,10208223,434
MRDS,10208508,1700
MRDS,10209111,547
MRDS,10209420,1571
MRDS,10209454,1409
MRDS,10209499,1179
MRDS,10209503,1168
MRDS,10209595,698
MRDS,10209774,1492
MRDS,10209799,832
MRDS,10209859,1296
MRDS,10209921,100
MRDS,10209937,961
MRDS,10210001,1740
MRDS,10211009,1428
MRDS,10211019,1374
MRDS,10211051,844
MRDS,10211078,362
MRDS,10211104,103
MRDS,10211142,1104
MRDS,10211150,1499
MRDS,10211545,221
MRDS,10211569,433
MRDS,10211682,30
MRDS,10211716,1625
MRDS,10212439,2022
MRDS,10212615,1481
MRDS,10212691,1549
MRDS,10213258,194
MRDS,10214069,783
MRDS,10215069,735
MRDS,10215337,1494
MRDS,10215364,767
MRDS,10216270,132
MRDS,10218361,37
MRDS,10218476,1639
MRDS,10218827,710
MRDS,10219296,31
MRDS,10219812,1402
MRDS,10219936,1206
MRDS,10219947,1402
MRDS,10219960,26
MRDS,10220520,142
MRDS,10220618,1708
MRDS,10220851,1660
MRDS,10221071,933
MRDS,10221227,586
MRDS,10221297,926
MRDS,10221327,944
MRDS,10221424,1034
MRDS,10221561,697
MRDS,10221705,1756
MRDS,10221723,1557
MRDS,10221728,2023
MRDS,10221955,1582
MRDS,10222363,1452
MRDS,10224505,431
MRDS,10224703,187
MRDS,10224874,950
MRDS,10225170,969
MRDS,10225241,446
MRDS,10225288,416
MRDS,10225329,1120
MRDS,10225340,310
MRDS,10225351,1314
MRDS,10225385,398
MRDS,10225422,22
MRDS,10225439,147
MRDS,10225453,761
MRDS,10225466,920
MRDS,10225627,471
MRDS,10225746,949
MRDS,10225837,1143
MRDS,10225903,1042
MRDS,10225986,1145
MRDS,10227583,1335
MRDS,10227692,1078
MRDS,10227721,1564
MRDS,10227981,472
MRDS,10227995,1780
MRDS,10228272,1173
MRDS,10228347,326
MRDS,10228369,735
MRDS,10228388,735
MRDS,10228569,248
MRDS,10228573,1309
MRDS,10228614,248
MRDS,10228682,248
MRDS,10228769,248
MRDS,10229021,282
MRDS,10229055,1616
MRDS,10229148,1401
MRDS,10229260,1278
MRDS,10229612,2024
MRDS,10229957,903
MRDS,10230046,739
MRDS,10230061,36
MRDS,10230065,948
MRDS,10230087,158
MRDS,10230121,805
MRDS,10230126,1140
MRDS,10230128,260
MRDS,10230222,2025
MRDS,10230225,1348
MRDS,10230319,6
MRDS,10230377,903
MRDS,10230396,301
MRDS,10230440,1390
MRDS,10230449,742
MRDS,10230455,1232
MRDS,10230458,520
MRDS,10230592,825
MRDS,10230631,845
MRDS,10230638,116
MRDS,10230697,1060
MRDS,10230785,2026
MRDS,10230814,499
MRDS,10230816,2027
MRDS,10230821,1405
MRDS,10230851,951
MRDS,10230862,1676
MRDS,10230865,390
MRDS,10230867,1757
MRDS,10230914,1105
MRDS,10230920,782
MRDS,10230984,1190
MRDS,10231013,1425
MRDS,10231062,955
MRDS,10231147,1804
MRDS,10231215,374
MRDS,10231239,345
MRDS,10231331,406
MRDS,10231369,722
MRDS,10231376,426
MRDS,10231420,2028
MRDS,10231436,1137
MRDS,10231475,294
MRDS,10231516,1277
MRDS,10231566,507
MRDS,10231576,1113
MRDS,10231600,1468
MRDS,10231637,53
MRDS,10231811,528
MRDS,10231826,612
MRDS,10231870,1787
MRDS,10231901,1111
MRDS,10231923,154
MRDS,10231925,1244
MRDS,10231927,1595
MRDS,10231947,879
MRDS,10231961,1054
MRDS,10231964,1391
MRDS,10231978,453
MRDS,10232006,74
MRDS,10232043,43
MRDS,10232103,1295
MRDS,10232147,1229
MRDS,10232170,1052
MRDS,10232189,1597
MRDS,10232204,480
MRDS,10232222,1041
MRDS,10232275,436
MRDS,10232359,1008
MRDS,10232497,1577
MRDS,10232827,736
MRDS,10233629,474
MRDS,10233687,207
MRDS,10233763,641
MRDS,10233781,1192
MRDS,10233788,1047
MRDS,10233798,1202
MRDS,10233951,164
MRDS,10234034,1144
MRDS,10234042,1393
MRDS,10234080,1262
MRDS,10234118,1683
MRDS,10234182,420
MRDS,10234216,2029
MRDS,10235374,193
MRDS,10235479,60
MRDS,10235514,2
MRDS,10235606,121
MRDS,10236202,1546
MRDS,10236541,376
MRDS,10236757,442
MRDS,10237669,1362
MRDS,10237695,769
MRDS,10237878,232
MRDS,10238032,946
MRDS,10238157,1531
MRDS,10238281,1046
MRDS,10238854,1186
MRDS,10239213,1279
MRDS,10239227,263
MRDS,10239436,1135
MRDS,10239992,1659
MRDS,10240135,1303
MRDS,10240351,1327
MRDS,10240470,29
MRDS,10240558,749
MRDS,10240734,2030
MRDS,10241136,639
MRDS,10242239,1017
MRDS,10242402,284
MRDS,10242867,762
MRDS,10244067,645
MRDS,10244609,1147
MRDS,10244709,1033
MRDS,10244791,1324
MRDS,10244805,2031
MRDS,10245116,145
MRDS,10245332,1806
MRDS,10245549,161
MRDS,10245590,1106
MRDS,10245641,1708
MRDS,10245694,245
MRDS,10245724,965
MRDS,10245782,1835
MRDS,10245799,1815
MRDS,10245894,944
MRDS,10245973,437
MRDS,10245978,1574
MRDS,10246349,587
MRDS,10246614,404
MRDS,10246660,653
MRDS,10246753,321
MRDS,10246908,1604
MRDS,10247152,1297
MRDS,10248326,1093
MRDS,10249569,877
MRDS,10249773,1175
MRDS,10250032,1781
MRDS,10250069,1517
MRDS,10250385,315
MRDS,10250521,567
MRDS,10250601,107
MRDS,10251347,545
MRDS,10252364,185
MRDS,10252562,459
MRDS,10252675,637
MRDS,10252687,248
MRDS,10252896,1693
MRDS,10252980,1671
MRDS,10252995,748
MRDS,10253015,1467
MRDS,10253175,1663
MRDS,10253412,239
MRDS,10253459,2032
MRDS,10253538,907
MRDS,10254793,993
MRDS,10254915,720
MRDS,10254926,1326
MRDS,10254968,182
MRDS,10254986,259
MRDS,10255000,2033
MRDS,10255002,690
MRDS,10255038,2034
MRDS,10255059,395
MRDS,10255092,1197
MRDS,10255099,129
MRDS,10255131,1526
MRDS,10255160,190
MRDS,10255172,1768
MRDS,10255195,1515
MRDS,10255207,2035
MRDS,10255223,1299
MRDS,10255248,2036
MRDS,10255316,1344
MRDS,10255341,1339
MRDS,10255342,361
MRDS,10255346,414
MRDS,10255362,1646
MRDS,10255385,1149
MRDS,10255386,891
MRDS,10255408,2037
MRDS,10255417,929
MRDS,10255482,2038
MRDS,10255553,2039
MRDS,10255625,91
MRDS,10255626,157
MRDS,10255648,1827
MRDS,10255649,941
MRDS,10255668,413
MRDS,10255690,1379
MRDS,10255735,375
MRDS,10255763,2040
MRDS,10255782,1001
MRDS,10255819,1715
MRDS,10255859,2041
MRDS,10255860,676
MRDS,10255889,718
MRDS,10255915,1775
MRDS,10255950,700
MRDS,10255989,1274
MRDS,10256009,1748
MRDS,10256018,1156
MRDS,10256041,1006
MRDS,10256100,1748
MRDS,10256110,579
MRDS,10256113,2042
MRDS,10256123,2043
MRDS,10256133,548
MRDS,10256154,407
MRDS,10256199,1126
MRDS,10256206,1260
MRDS,10256216,712
MRDS,10256270,203
MRDS,10256355,95
MRDS,10256358,758
MRDS,10256361,1397
MRDS,10256366,522
MRDS,10256380,1025
MRDS,10256718,2044
MRDS,10256859,1015
MRDS,10257203,224
MRDS,10257234,46
MRDS,10257235,872
MRDS,10257365,1387
MRDS,10257514,1779
MRDS,10257922,2045
MRDS,10258204,1123
MRDS,10258223,643
MRDS,10258293,1592
MRDS,10258348,1462
MRDS,10258377,1454
MRDS,10258403,1172
MRDS,10258457,306
MRDS,10258464,1744
MRDS,10258589,1647
MRDS,10258629,1
MRDS,10258643,1341
MRDS,10258708,1820
MRDS,10258732,1823
MRDS,10258789,828
MRDS,10258792,249
MRDS,10258811,666
MRDS,10260582,1546
MRDS,10262375,232
MRDS,10263021,706
MRDS,10263093,1376
MRDS,10263881,848
MRDS,10264094,1838
MRDS,10264205,1518
MRDS,10264865,525
MRDS,10264936,280
MRDS,10265012,1754
MRDS,10265993,899
MRDS,10266743,65
MRDS,10266901,1458
MRDS,10266942,1566
MRDS,10266977,1826
MRDS,10267403,332
MRDS,10268259,689
MRDS,10268371,823
MRDS,10269383,563
MRDS,10269676,944
MRDS,10269770,944
MRDS,10269827,1294
MRDS,10269942,957
MRDS,10269946,1233
MRDS,10270054,371
MRDS,10270324,1240
MRDS,10270333,1420
MRDS,10270356,947
MRDS,10270357,1485
MRDS,10270458,2046
MRDS,10270659,1511
MRDS,10270949,1018
MRDS,10271378,939
MRDS,10273870,497
MRDS,10274122,1794
MRDS,10274427,398
MRDS,10274521,1828
MRDS,10274540,398
MRDS,10275002,2047
MRDS,10275126,1242
MRDS,10276299,1480
MRDS,10276435,787
MRDS,10276876,1654
MRDS,10276938,974
MRDS,10277049,383
MRDS,10277060,744
MRDS,10277098,1209
MRDS,10277336,1663
MRDS,10277362,912
MRDS,10277401,1063
MRDS,10277482,1066
MRDS,10277586,304
MRDS,10277608,1530
MRDS,10277656,1078
MRDS,10277772,707
MRDS,10277787,826
MRDS,10277835,997
MRDS,10278132,1489
MRDS,10278606,1230
MRDS,10278641,1264
MRDS,10278652,6
MRDS,10278702,291
MRDS,10278729,998
MRDS,10278754,157
MRDS,10278848,1503
MRDS,10278915,1169
MRDS,10278966,69
MRDS,10279053,231
MRDS,10279123,1502
MRDS,10279169,1677
MRDS,10279302,1730
MRDS,10279317,295
MRDS,10279374,8
MRDS,10279408,1132
MRDS,10279446,1212
MRDS,10279449,300
MRDS,10279465,1799
MRDS,10279468,2048
MRDS,10279469,1413
MRDS,10279477,2049
MRDS,10279521,771
MRDS,10279576,403
MRDS,10279587,538
MRDS,10279613,593
MRDS,10279683,1415
MRDS,10279689,690
MRDS,10279699,568
MRDS,10279774,426
MRDS,10279799,1675
MRDS,10279848,1451
MRDS,10279849,1589
MRDS,10279876,1228
MRDS,10279945,77
MRDS,10279950,1482
MRDS,10280005,910
MRDS,10280038,2050
MRDS,10280145,1735
MRDS,10280164,458
MRDS,10280185,313
MRDS,10280204,1025
MRDS,10280220,470
MRDS,10280231,557
MRDS,10280272,2051
MRDS,10280321,936
MRDS,10280336,2052
MRDS,10280389,223
MRDS,10280420,1719
MRDS,10280437,1249
MRDS,10280485,728
MRDS,10280529,1769
MRDS,10280535,760
MRDS,10280545,1087
MRDS,10280663,1382
MRDS,10280710,1178
MRDS,10280755,632
MRDS,10280772,716
MRDS,10280788,1397
MRDS,10280828,1255
MRDS,10280830,1821
MRDS,10280841,2053
MRDS,10280928,1158
MRDS,10281170,1564
MRDS,10281325,197
MRDS,10281585,2054
MRDS,10281586,547
MRDS,10281744,1000
MRDS,10282407,2055
MRDS,10282424,327
MRDS,10282560,670
MRDS,10282612,1720
MRDS,10282613,1743
MRDS,10282642,583
MRDS,10282673,392
MRDS,10282730,740
MRDS,10282918,191
MRDS,10282931,1416
MRDS,10282983,732
MRDS,10283118,932
MRDS,10283135,1029
MRDS,10283207,324
MRDS,10283671,482
MRDS,10283899,1732
MRDS,10283988,394
MRDS,10284265,1625
MRDS,10284358,834
MRDS,10284384,1501
MRDS,10284620,1785
MRDS,10285467,558
MRDS,10285911,2056
MRDS,10286357,126
MRDS,10286958,1583
MRDS,10287032,1142
MRDS,10287391,41
MRDS,10287408,781
MRDS,10287493,1441
MRDS,10287764,686
MRDS,10288271,184
MRDS,10288495,1522
MRDS,10289030,525
MRDS,10290021,652
MRDS,10290353,1697
MRDS,10291144,857
MRDS,10291200,2057
MRDS,10291841,1118
MRDS,10292527,901
MRDS,10293637,225
MRDS,10293737,1061
MRDS,10293975,1421
MRDS,10293984,1399
MRDS,10293997,399
MRDS,10294201,493
MRDS,10294386,478
MRDS,10294501,142
MRDS,10294531,1136
MRDS,10294550,161
MRDS,10294856,2058
MRDS,10295062,1599
MRDS,10295844,2059
MRDS,10296899,1205
MRDS,10298212,1684
MRDS,10298302,34
MRDS,10298339,1213
MRDS,10298453,347
MRDS,10298546,319
MRDS,10298548,292
MRDS,10298570,1386
MRDS,10299597,1628
MRDS,10300611,1436
MRDS,10300652,1547
MRDS,10300789,591
MRDS,10300971,1245
MRDS,10300985,1600
MRDS,10300994,1356
MRDS,10301275,1661
MRDS,10301385,1062
MRDS,10301413,1470
MRDS,10301434,248
MRDS,10301440,248
MRDS,10301489,1094
MRDS,10301500,183
MRDS,10301695,798
MRDS,10301717,366
MRDS,10301724,251
MRDS,10301738,812
MRDS,10301764,549
MRDS,10302070,735
MRDS,10302090,721
MRDS,10303138,601
MRDS,10303270,1558
MRDS,10303367,455
MRDS,10303385,1349
MRDS,10303407,445
MRDS,10303461,636
MRDS,10303518,1322
MRDS,10303526,962
MRDS,10303571,28
MRDS,10303649,913
MRDS,10303724,1662
MRDS,10303737,1555
MRDS,10303745,159
MRDS,10303763,1690
MRDS,10303792,226
MRDS,10303827,233
MRDS,10303839,1426
MRDS,10303842,1727
MRDS,10303843,92
MRDS,10303860,1105
MRDS,10303880,294
MRDS,10303882,1668
MRDS,10303905,733
MRDS,10303914,1040
MRDS,10303916,120
MRDS,10303947,928
MRDS,10304015,313
MRDS,10304048,1345
MRDS,10304128,1742
MRDS,10304129,560
MRDS,10304134,476
MRDS,10304144,1747
MRDS,10304161,667
MRDS,10304175,675
MRDS,10304195,2060
MRDS,10304204,1813
MRDS,10304337,1119
MRDS,10304359,872
MRDS,10304386,1753
MRDS,10304397,1760
MRDS,10304420,822
MRDS,10304455,1154
MRDS,10304470,1548
MRDS,10304481,746
MRDS,10304571,342
MRDS,10304602,1790
MRDS,10304621,1347
MRDS,10304638,2061
MRDS,10304659,1498
MRDS,10304691,1686
MRDS,10304789,2062
MRDS,10304793,269
MRDS,10304831,980
MRDS,10304912,600
MRDS,10304937,42
MRDS,10304990,273
MRDS,10305010,334
MRDS,10305011,909
MRDS,10305029,1155
MRDS,10305034,936
MRDS,10305051,717
MRDS,10305071,1363
MRDS,10305195,160
MRDS,10305312,256
MRDS,10305386,1513
MRDS,10305441,1821
MRDS,10305466,1191
MRDS,10305609,1582
MRDS,10305807,741
MRDS,10305999,1771
MRDS,10306000,1028
MRDS,10306001,423
MRDS,10306002,1182
MRDS,10306003,1539
MRDS,10306798,1580
MRDS,10307521,641
MRDS,10307567,2063
MRDS,10307579,1746
MRDS,10307660,427
MRDS,10307682,1438
MRDS,10307708,2064
MRDS,10307759,2065
MRDS,10307807,1330
MRDS,10307808,468
MRDS,10307809,543
MRDS,10307810,1554
MRDS,10307811,1554
MRDS,10307812,799
MRDS,10307815,1729
MRDS,10307826,1666
MRDS,10307838,2066
MRDS,10307842,1521
MRDS,10307843,1521
MRDS,10307844,1394
MRDS,10307845,1450
MRDS,10307864,210
MRDS,10307867,222
MRDS,10307870,1812
MRDS,10307887,2067
MRDS,10308063,1192
MRDS,10308253,860
MRDS,10308254,696
MRDS,10308451,229
MRDS,10308452,893
MRDS,10308590,1248
MRDS,10308640,353
MRDS,10308654,1068
MRDS,10308784,58
MRDS,10308914,33
MRDS,10308915,1323
MRDS,10308989,1573
MRDS,10309020,750
MRDS,10310306,1164
MRDS,10310319,2068
MRDS,10310329,546
MRDS,10310350,605
MRDS,10310452,172
MRDS,10310465,770
MRDS,10310715,570
MRDS,10311020,1099
MRDS,10400290,21
MRDS,10400337,62
MRDS,10400362,1304
MRDS,10400371,651
MRDS,10400378,344
MRDS,10400411,937
MRDS,10400947,35
MRDS,60000317,1809
MRDS,60000508,1772
MRDS,60000509,1629
MRDS,60000526,2069
MRDS,60000582,1079
MRDS,60000583,1087
MRDS,60000584,999
MRDS,60000585,1004
MRDS,60000586,1004
MRDS,60000587,2070
MRDS,60000588,2071
MRDS,60000589,162
MRDS,60000590,1128
MRDS,60000591,451
MRDS,60000592,1195
MRDS,60000593,1071
MRDS,60000594,90
MRDS,60000595,1644
MRDS,60000596,528
MRDS,60000597,334
MRDS,60000598,1774
MRDS,60000599,751
MRDS,60000600,224
MRDS,60000601,268
MRDS,60000602,1682
MRDS,60000603,272
MRDS,60000604,504
MRDS,60000605,1520
MRDS,60000606,679
MRDS,60000607,1575
MRDS,60000608,1437
MRDS,60000609,218
MRDS,60000610,411
MRDS,60000611,490
MRDS,60000612,411
MRDS,60000613,411
MRDS,60000614,411
MRDS,60000615,411
MRDS,60000616,1423
MRDS,60000617,1423
MRDS,60000618,386
MRDS,60000619,1351
MRDS,60000620,565
MRDS,60000621,66
MRDS,60000622,1189
MRDS,60000623,1189
MRDS,60000624,976
MRDS,60000625,1220
MRDS,60000626,1220
MRDS,60000627,1527
MRDS,60000628,1358
MRDS,60000629,66
MRDS,60000630,1358
MRDS,60000631,2072
MRDS,60000632,169
MRDS,60000633,2073
MRDS,60000634,350
MRDS,60000635,495
MRDS,60000636,169
MRDS,60000637,169
MRDS,60000638,169
MRDS,60000639,396
MRDS,60000641,1128
MRDS,60000642,1009
MRDS,60000643,79
MRDS,60000644,1772
MRDS,60000645,1629
MRDS,60000646,968
MRDS,60000648,1682
MRDS,60000649,268
MRDS,60000650,1678
MRDS,60000651,1721
MRDS,60000745,827
MRDS,60000887,1121
MRDS,60000902,1151
MRDS,60000926,227
MRDS,60000949,180
MRDS,60000954,2074
MRDS,60000960,39
MRDS,60001064,47
MRDS,60001102,995
MRDS,60001556,1124
MRDS,60001557,26
MRDS,60001594,840
MRDS,60001611,346
MRDS,60001625,1012
MRDS,60001626,1169
MRDS,60001627,743
MRDS,60001628,792
MRDS,60001633,1511
MRDS,60001650,2075
MRDS,60001678,1609
MRDS,60001695,679
MRDS,60001717,1440
MRDS,60001802,262
MRDS,60001839,541
MRDS,60001851,1644
MRDS,60001852,898
USMIN,AK00012,2083
USMIN,AK00017,2084
USMIN,AK00205,10
USMIN,AK00206,2081
USMIN,AK00207,33
USMIN,CA00070,30
USMIN,CA00071,2
USMIN,ID00005,27
USMIN,ID00050,38
USMIN,ID00051,2080
USMIN,ID00052,2082
USMIN,ID00054,27
USMIN,ME00002,23
USMIN,ME00003,37
USMIN,MI00001,21
USMIN,MN00002,35
USMIN,MN00003,0
USMIN,MN00008,16
USMIN,MO00001,26
USMIN,MO00002,31
USMIN,MO00013,26
USMIN,MO00014,24
USMIN,MT00002,2079
USMIN,MT00029,2077
USMIN,NC00001,32
USMIN,NM00041,25
USMIN,NM00042,25
USMIN,OR00001,22
USMIN,OR00002,34
USMIN,OR00005,7
USMIN,PA00001,2078
USMIN,PR00001,36
USMIN,PR00002,36
USMIN,PR00003,29
USMIN,PR00004,28
USMIN,PR00005,28
USMIN,TN00001,2076
Mudd-and-Jowitt-2022-Nickel/pers. comm. Golightly,Red Flat Mountain,7
Mudd-and-Jowitt-2022-Nickel/AIF 2018,NorthMet (Dunka Road),4
Mudd-and-Jowitt-2022-Nickel/AIF 2018,Tamarack North,16
Mudd-and-Jowitt-2022-Nickel/Berger et al (2011),Tagaung Taung,2094
"Mudd-and-Jowitt-2022-Nickel/Miller et al (2002), Miller (2015)",Serpentine,2095
Mudd-and-Jowitt-2022-Nickel/Pres. (2019-04),Sudbury-Lockerby East,8
Mudd-and-Jowitt-2022-Nickel/Szumigala et al (2011),Bohemia Basin (Basin-Takanis-Flapjack),10
Mudd-and-Jowitt-2022-Nickel/ResV-ResC 2018,Eagle-Eagle East (USA),21
https://w3id.org/usgs/z/4530692/MTH2C7HU,1,0
Mudd-and-Jowitt-2022-Nickel/AIF 2010,Sudbury-Podolsky (KGHM),2092
"Mudd-and-Jowitt-2022-Nickel/Mayhew et al (2009), Teck (2010)",Mesaba (Babbit),9
Mudd-and-Jowitt-2022-Nickel/Szumigala et al (2011),Mirror Harbor,19
Mudd-and-Jowitt-2022-Nickel/AR 2018,Maturi Southwest,15
Mudd-and-Jowitt-2022-Nickel/Tech Rep (2018-01),Sudbury-West Graham,1
https://w3id.org/usgs/z/4530692/XI5AZB8U,1,2087
Mudd-and-Jowitt-2022-Nickel/Pres. (2019-04),Sudbury-Aer-Kidd,8
Mudd-and-Jowitt-2022-Nickel/AIF 2010,Sudbury-Kirkwood (KGHM),20
https://w3id.org/usgs/z/4530692/HCUF4GST,1,14
Mudd-and-Jowitt-2022-Nickel/KGHM Presentation (undated),Sudbury-Victoria (KGHM),11
Mudd-and-Jowitt-2022-Nickel/Tech Rep 2009-06 (Nev),Nye Basin,2086
Mudd-and-Jowitt-2022-Nickel/AIF 2014,Sudbury-Lockerby / Conwest,8
https://w3id.org/usgs/z/4530692/DSS9VBEK,1,5
Mudd-and-Jowitt-2022-Nickel/Berger et al (2011),Riddle (Nickel Mountain),3
Mudd-and-Jowitt-2022-Nickel/Form 20F 2018,Sudbury Group (Vale),2085
https://w3id.org/usgs/z/4530692/CGWU8XBQ,1,2089
Mudd-and-Jowitt-2022-Nickel/Szumigala et al (2011),Snipe Bay,6
Mudd-and-Jowitt-2022-Nickel/AR 2018,Spruce Road,2093
Mudd-and-Jowitt-2022-Nickel/Tech Rep (2009-03),Sudbury-Nickel Lake / Foy Offset,13
Mudd-and-Jowitt-2022-Nickel/AR 2018,Birch Lake,2088
https://w3id.org/usgs/z/4530692/XM7ACJDK,1,18
Mudd-and-Jowitt-2022-Nickel/AR 2018,Maturi (incl. Nokomis),17
Mudd-and-Jowitt-2022-Nickel/ResV-ResC 2018,Sudbury Group (Glencore),2085
https://w3id.org/usgs/z/4530692/5B32TX47,1,2091
Mudd-and-Jowitt-2022-Nickel/pers. comm. Golightly,Gasquet Mountain,12
Mudd-and-Jowitt-2022-Nickel/AIF 2018,Sudbury-Parkin Offset,2096
Mudd-and-Jowitt-2022-Nickel/ResV-ResC 2018,Stillwater-East Boulder,2090
"Mudd-and-Jowitt-2022-Nickel/Miller et al (2002), Miller (2015)",Babbit-Minnamax,9
Mudd-and-Jowitt-2022-Nickel/Tech Rep 2009-06 (Nev),Mouat,2
